visibility,category,subCategory,type,backgroundImage,title,origin,tagline,desc,fullDesc,metrics,image,chefSpecial
TRUE,Classic Cocktails,Classic Cocktails,,../assets/img/menu-images/pageg.jpg,Rum and Coke,Cuba,A timeless classic for any occasion.,Smooth rum mixed with refreshing cola for a simple yet satisfying cocktail.,"A universally loved combination of smooth rum and cola, served over ice, making it a perfect companion for relaxed evenings or lively celebrations.",$10,./assets/img/modal-images/food-menu/imag.jpg,FALSE
TRUE,Classic Cocktails,Classic Cocktails,,../assets/img/menu-images/pageg.jpg,Screwdriver,USA,The perfect blend of citrus and spirits.,"Vodka and orange juice combine for a refreshing, zesty cocktail.","A simple yet vibrant cocktail featuring smooth vodka and freshly squeezed orange juice, delivering a refreshing citrus kick with every sip.",$10,./assets/img/modal-images/food-menu/imag.jpg,FALSE
TRUE,Classic Cocktails,Classic Cocktails,,../assets/img/menu-images/pageg.jpg,Cosmopolitan,USA,Elegance in a glass.,"A zesty mix of vodka, lime, cranberry juice, and triple sec.","A stylish cocktail combining the tartness of cranberry and lime juices with smooth vodka and triple sec, served in a chilled martini glass for a touch of sophistication.",$10,./assets/img/modal-images/food-menu/imag.jpg,FALSE
TRUE,Classic Cocktails,Classic Cocktails,,../assets/img/menu-images/pageg.jpg,Old Fashioned,USA,The grandfather of cocktails.,"Bourbon, bitters, sugar, and orange peel create a timeless drink.","A classic cocktail that highlights the bold flavors of bourbon, perfectly balanced with bitters, a touch of sugar, and the zest of orange peel, making it a true icon.",$10,./assets/img/modal-images/food-menu/imag.jpg,FALSE
TRUE,Classic Cocktails,Classic Cocktails,,../assets/img/menu-images/pageg.jpg,Mojito,Cuba,Refreshment in every sip.,"A cool mix of white rum, mint, lime, sugar, and club soda.","This Cuban classic blends white rum with fresh mint leaves, lime juice, sugar, and sparkling soda for a refreshing cocktail perfect for warm days.",$10,./assets/img/modal-images/food-menu/imag.jpg,FALSE
TRUE,Classic Cocktails,Classic Cocktails,,../assets/img/menu-images/pageg.jpg,Martini,USA,Sophistication in a glass.,"A refined blend of gin, vermouth, and bitters, garnished with an olive or lemon twist.","The ultimate cocktail of elegance, made with gin and dry vermouth, enhanced by a dash of bitters, and served with a choice of olive or lemon twist for a polished finish.",$10,./assets/img/modal-images/food-menu/imag.jpg,FALSE
TRUE,Classic Cocktails,Classic Cocktails,,../assets/img/menu-images/pageg.jpg,Bloody Mary,USA,"Bold, savory, and full of flavor.","A unique mix of vodka, tomato juice, and lemon, garnished with a celery stalk.","This savory cocktail features vodka and tangy tomato juice, accented with lemon and spices, and garnished with a crisp celery stalk for a bold and refreshing experience.",$10,./assets/img/modal-images/food-menu/imag.jpg,FALSE
TRUE,Classic Cocktails,Classic Cocktails,,../assets/img/menu-images/pageg.jpg,Tom Collins,England,A fizzy classic to brighten your day.,"Gin, lemon juice, sugar, and sparkling water create a delightful cocktail.","A refreshing cocktail featuring gin, fresh lemon juice, sugar, and sparkling water, served over ice for a light and bubbly experience.",$10,./assets/img/modal-images/food-menu/imag.jpg,FALSE
TRUE,Classic Cocktails,Classic Cocktails,,../assets/img/menu-images/pageg.jpg,Manhattan,USA,A cocktail of timeless elegance.,"Whiskey, vermouth, and bitters, garnished with a maraschino cherry.","A rich and sophisticated cocktail made with whiskey, sweet vermouth, and bitters, topped with a maraschino cherry for a perfect blend of flavors.",$10,./assets/img/modal-images/food-menu/imag.jpg,FALSE
TRUE,Classic Cocktails,Classic Cocktails,,../assets/img/menu-images/pageg.jpg,Mai Tai,USA,A tropical escape in every sip.,"A vibrant mix of white and dark rums, orange curaçao, syrup, and lime juice.","This tropical cocktail combines the bold flavors of white and dark rums, balanced with orange curaçao, syrup, and fresh lime juice for a vibrant and refreshing experience.",$10,./assets/img/modal-images/food-menu/imag.jpg,FALSE
TRUE,Classic Cocktails,Classic Cocktails,,../assets/img/menu-images/pageg.jpg,Long Island Iced Tea,USA,A powerhouse of flavors.,"A bold mix of vodka, tequila, rum, gin, triple sec, and cola.","A robust cocktail featuring a unique blend of vodka, tequila, light rum, gin, triple sec, and a splash of cola, delivering a dynamic and refreshing taste.",$10,./assets/img/modal-images/food-menu/imag.jpg,FALSE
TRUE,House Cocktails,House Cocktails,Non-Alcoholic,../assets/img/menu-images/pageg.jpg,Very Berry Fizz,Fusion,Berries with a sparkling twist.,"A vibrant mix of mixed berries, star anise, citrus, and ginger ale.","A refreshing concoction of mixed berries, star anise, and zesty citrus, topped with fizzy ginger ale, creating a drink that's bursting with flavor and charm.",$12,./assets/img/modal-images/food-menu/imag.jpg,FALSE
TRUE,House Cocktails,House Cocktails,Non-Alcoholic,../assets/img/menu-images/pageg.jpg,Gondhraj Lemonade,India,A zesty Indian refreshment.,Lemon saccharum paired with an aperitif and tonic water.,"A unique take on lemonade featuring the aromatic Gondhraj lime, blended with lemon saccharum, an aperitif, and effervescent tonic water for a refreshing twist.",$12,./assets/img/modal-images/food-menu/imag.jpg,FALSE
TRUE,House Cocktails,House Cocktails,Non-Alcoholic,../assets/img/menu-images/pageg.jpg,Kiwi Fizz,Fusion,A burst of tropical freshness.,"A delightful mix of kiwi, mint, citrus, and fizz.","A tropical delight combining the tangy sweetness of kiwi, the freshness of mint, a splash of citrus, and bubbly fizz, perfect for any occasion.",$12,./assets/img/modal-images/food-menu/imag.jpg,FALSE
TRUE,House Cocktails,House Cocktails,Non-Alcoholic,../assets/img/menu-images/pageg.jpg,Orange Thyme Smash,Fusion,Citrus meets herbal elegance.,"A blend of orange, thyme, citrus, and pineapple cordial.","A refreshing medley of juicy orange, aromatic thyme, and bright citrus, enhanced by the sweet notes of pineapple cordial for a drink that's both invigorating and satisfying.",$12,./assets/img/modal-images/food-menu/imag.jpg,FALSE
TRUE,House Cocktails,House Cocktails,Non-Alcoholic,../assets/img/menu-images/pageg.jpg,Cucumba,Fusion,"Cool and refreshing, naturally.","A light mix of cucumber, basil, elderflower, and citrus.","A rejuvenating blend of fresh cucumber, fragrant basil, delicate elderflower, and a dash of citrus, delivering a cool and refreshing experience with every sip.",$12,./assets/img/modal-images/food-menu/imag.jpg,FALSE
TRUE,House Cocktails,House Cocktails,Non-Alcoholic,../assets/img/menu-images/pageg.jpg,Soft Drinks,Fusion,"Fizzy, chilled, and full of flavor.",A sparkling blend of classic soda flavors to cool and delight.,"Experience the ultimate refreshment with our fizzy cold drinks. Bursting with vibrant flavors, each sip is perfectly carbonated and ice-cold, delivering a delightful zing that quenches your thirst and lifts your mood.",$4,./assets/img/modal-images/food-menu/imag.jpg,FALSE
TRUE,House Cocktails,House Cocktails,Non-Alcoholic,../assets/img/menu-images/pageg.jpg,Virgin Mai Tai,N/A,"A refreshing, non-alcoholic tropical delight.","A vibrant, alcohol-free version of the classic Mai Tai, perfect for any occasion.","Virgin Mai Tai is a flavorful mix of tropical juices with a hint of lime and almond, offering a refreshing taste without alcohol.",$10,./assets/img/modal-images/food-menu/imag.jpg,FALSE
TRUE,House Cocktails,House Cocktails,Non-Alcoholic,../assets/img/menu-images/pageg.jpg,Coke,Classic,The original taste of refreshment.,A timeless fizzy drink with bold flavor and perfect carbonation.,Enjoy the classic and refreshing taste of Coke. Its bold flavor and sparkling fizz make it the ultimate companion to any meal or moment of relaxation.,$4,./assets/img/modal-images/food-menu/imag.jpg,FALSE
TRUE,House Cocktails,House Cocktails,Non-Alcoholic,../assets/img/menu-images/pageg.jpg,Diet Coke,Classic,"Light, fizzy, and full of flavor.",A guilt-free version of the classic soda with the same bold taste.,"Savor the light and refreshing taste of Diet Coke. With zero calories and the same bold fizz, it’s the perfect choice for those who want flavor without compromise.",$4,./assets/img/modal-images/food-menu/imag.jpg,FALSE
TRUE,House Cocktails,House Cocktails,Alcoholic,../assets/img/menu-images/pageg.jpg,Banarasi Boulevardier,India,A bold twist on a classic cocktail.,"Whisky, Campari, sweet vermouth, saffron, and betel leaf.","A sophisticated mix of whisky, Campari, and sweet vermouth infused with the richness of saffron and the earthy aroma of betel leaf, offering a unique Indian-inspired take on the Boulevardier.",$15,./assets/img/modal-images/food-menu/imag.jpg,FALSE
TRUE,House Cocktails,House Cocktails,Alcoholic,../assets/img/menu-images/pageg.jpg,Royal Vodka Sour,Fusion,A royal blend of floral and citrus notes.,"Vodka, lemon saccharum, Campari, rose, and citrus.","A regal cocktail featuring vodka and lemon saccharum, with hints of Campari and rose petals, rounded off by zesty citrus for a luxurious and refreshing experience.",$15,./assets/img/modal-images/food-menu/imag.jpg,FALSE
TRUE,House Cocktails,House Cocktails,Alcoholic,../assets/img/menu-images/pageg.jpg,Tropical City,Fusion,An exotic escape in a glass.,"Rum, pineapple cordial, coconut, curry leaf, Campari, and citrus.","A vibrant concoction of rum, tropical pineapple cordial, creamy coconut, and aromatic curry leaf, balanced with Campari and citrus for a truly tropical vibe.",$15,./assets/img/modal-images/food-menu/imag.jpg,FALSE
TRUE,House Cocktails,House Cocktails,Alcoholic,../assets/img/menu-images/pageg.jpg,Guava Dark & Stormy,Fusion,A storm of flavors with a guava twist.,"Rum, pink guava, thyme, and citrus.","A bold and refreshing drink combining the richness of rum with the tropical sweetness of pink guava, complemented by aromatic thyme and a splash of citrus.",$15,./assets/img/modal-images/food-menu/imag.jpg,FALSE
TRUE,House Cocktails,House Cocktails,Alcoholic,../assets/img/menu-images/pageg.jpg,Raw Mango Picante,India,"A spicy, tangy treat for the adventurous.","Tequila, raw mango, citrus, celery, chili, and hemp seed salt.","A zesty blend of tequila, tangy raw mango, and a kick of chili, balanced with citrus and celery, finished with hemp seed salt for a bold and flavorful experience.",$15,./assets/img/modal-images/food-menu/imag.jpg,FALSE
TRUE,House Cocktails,House Cocktails,Alcoholic,../assets/img/menu-images/pageg.jpg,Pani Puri Martini,India,A fusion of traditional street food and classic martini.,An innovative cocktail inspired by the popular Indian street snack.,"The Pani Puri Martini combines the flavors of tangy tamarind, spicy mint, and crisp puri, blended with vodka for a unique twist on the classic martini. A perfect fusion of tradition and innovation.",$15,./assets/img/modal-images/food-menu/pani-puri-martini.jpg,FALSE
TRUE,Wines,White Wine,,../assets/img/menu-images/pageg.jpg,Castello Poggio Moscato Pavia IGT VT,Italy,A sweet and aromatic white wine.,Glass of Castello Poggio Moscato.,"Indulge in the delicate flavors of Castello Poggio Moscato Pavia IGT VT, a perfectly balanced sweet wine with floral and fruity notes.",$8.00,./assets/img/modal-images/food-menu/imag.jpg,FALSE
TRUE,Wines,White Wine,,../assets/img/menu-images/pageg.jpg,Castello Poggio Moscato Pavia IGT VT Bottle,Italy,A sweet and aromatic wine for celebrations.,Bottle of Castello Poggio Moscato.,"Celebrate special moments with a bottle of Castello Poggio Moscato Pavia IGT VT, offering rich floral aromas and fruity sweetness.",$35.00,./assets/img/modal-images/food-menu/imag.jpg,FALSE
TRUE,Wines,White Wine,,../assets/img/menu-images/pageg.jpg,Tobias Chardonnay,California,A classic and refined white wine.,Glass of Tobias Chardonnay.,"A delightful Chardonnay from California, Tobias offers a harmonious balance of crisp acidity and fruity richness.",$10.00,./assets/img/modal-images/food-menu/imag.jpg,FALSE
TRUE,Wines,White Wine,,../assets/img/menu-images/pageg.jpg,Tobias Chardonnay Bottle,California,"Perfect for sharing, a refined experience.",Bottle of Tobias Chardonnay.,"Elevate your gatherings with a bottle of Tobias Chardonnay, a sophisticated choice featuring hints of citrus and oak.",$45.00,./assets/img/modal-images/food-menu/imag.jpg,FALSE
TRUE,Wines,White Wine,,../assets/img/menu-images/pageg.jpg,Taft Street Sauvignon Blanc Russian VT,California,Crisp and refreshing with a hint of herbs.,Glass of Taft Street Sauvignon Blanc.,"Enjoy the vibrant flavors of Taft Street Sauvignon Blanc, featuring zesty citrus and herbal undertones for a refreshing sip.",$12.00,./assets/img/modal-images/food-menu/imag.jpg,FALSE
TRUE,Wines,White Wine,,../assets/img/menu-images/pageg.jpg,Taft Street Sauvignon Blanc Russian VT Bottle,California,A refreshing choice for any occasion.,Bottle of Taft Street Sauvignon Blanc.,"Perfect for dinners and celebrations, this bottle of Taft Street Sauvignon Blanc offers a crisp and invigorating wine experience.",$50.00,./assets/img/modal-images/food-menu/imag.jpg,FALSE
TRUE,Wines,White Wine,,../assets/img/menu-images/pageg.jpg,Terracotta Pinot Grigio,Italy,Light and lively with fruity notes.,Glass of Terracotta Pinot Grigio.,"Discover the vibrant charm of Terracotta Pinot Grigio, a light-bodied Italian white wine with fresh fruit flavors.",$8.00,./assets/img/modal-images/food-menu/imag.jpg,FALSE
TRUE,Wines,White Wine,,../assets/img/menu-images/pageg.jpg,Terracotta Pinot Grigio Bottle,Italy,Perfect for gatherings with a taste of Italy.,Bottle of Terracotta Pinot Grigio.,"A bottle of Terracotta Pinot Grigio is an excellent companion for lively gatherings, offering crisp and fruity notes.",$35.00,./assets/img/modal-images/food-menu/imag.jpg,FALSE
FALSE,Wines,Red Wine,,../assets/img/menu-images/pageg.jpg,Highway 12 Vineyards Cabernet Sauvignon Sonoma County,Sonoma County,Rich and full-bodied red wine.,"A robust cabernet sauvignon with flavors of dark fruit, oak, and spice.","The Highway 12 Vineyards Cabernet Sauvignon offers a luxurious, full-bodied experience with rich notes of dark fruits, a hint of oak, and a smooth finish. Perfect for pairing with hearty meals or enjoying on its own.",$14,./assets/img/modal-images/food-menu/imag.jpg,FALSE
FALSE,Wines,Red Wine,,../assets/img/menu-images/pageg.jpg,Cru Pinot Noir,California,Elegant and smooth pinot noir.,"A velvety red wine with notes of cherry, raspberry, and subtle spice.","Cru Pinot Noir is a classic, smooth wine that brings forward elegant notes of cherry, raspberry, and a touch of spice. A versatile wine that pairs beautifully with lighter dishes or serves as a delightful sipper.",$10,./assets/img/modal-images/food-menu/imag.jpg,FALSE
FALSE,Wines,Red Wine,,../assets/img/menu-images/pageg.jpg,CRU MONTEREY PINOT NOIR Bottle,"Monterey, California",Premium pinot noir with vibrant flavors.,A bottle of CRU Monterey Pinot Noir featuring bold fruit flavors and an exquisite finish.,"The CRU Monterey Pinot Noir Bottle is crafted with care, showcasing the finest of Monterey's vineyards. Enjoy vibrant notes of ripe cherries, delicate spices, and a luxurious, smooth texture.",$40,./assets/img/modal-images/food-menu/imag.jpg,FALSE
FALSE,Wines,Red Wine,,../assets/img/menu-images/pageg.jpg,HIGHWAY 12 CABERNET SAUVIGNON SONOMA Bottle,Sonoma County,Full-bodied cabernet sauvignon.,A premium bottle of Highway 12 Cabernet Sauvignon with intense flavors of dark berries and oak.,"The Highway 12 Cabernet Sauvignon Sonoma Bottle brings a rich, bold experience with a deep concentration of flavors, including blackcurrant, dark cherry, and subtle oak nuances. Ideal for special occasions.",$60,./assets/img/modal-images/food-menu/imag.jpg,FALSE
FALSE,Wines,Red Wine,,../assets/img/menu-images/pageg.jpg,MUIRWOOD MERLOT CALIFORNIA VT,California,Smooth and approachable merlot.,"A balanced merlot with hints of plum, chocolate, and soft tannins.","Muirwood Merlot California VT delivers a smooth and approachable taste, featuring balanced notes of plum, chocolate, and soft tannins. A great choice for any occasion.",$10,./assets/img/modal-images/food-menu/imag.jpg,FALSE
FALSE,Wines,Red Wine,,../assets/img/menu-images/pageg.jpg,MUIRWOOD MERLOT CALIFORNIA VT Bottle,California,Elegant merlot in a premium bottle.,"A full bottle of Muirwood Merlot, rich with flavors of dark fruit and silky tannins.","The Muirwood Merlot California VT Bottle is a testament to California's winemaking excellence. Offering rich flavors of dark fruit and a velvety finish, this merlot is perfect for gatherings or quiet evenings.",$40,./assets/img/modal-images/food-menu/imag.jpg,FALSE
FALSE,Wines,Red Wine,,../assets/img/menu-images/pageg.jpg,Caymus Bottle,"California, USA",A premium Napa Valley wine that epitomizes quality.,A bold red wine known for its rich flavors and full-bodied profile.,"Caymus Bottle offers an exquisite Napa Valley Cabernet Sauvignon with deep, rich flavors of blackberry, currant, and a touch of oak, ideal for wine lovers seeking sophistication.",$130,./assets/img/modal-images/food-menu/caymus.jpg,FALSE
FALSE,Wines,Red Wine,,../assets/img/menu-images/pageg.jpg,Austin Hope Bottle,"Paso Robles, California",A refined Cabernet Sauvignon with exceptional depth.,"A luxurious, full-bodied red wine with layers of dark fruit and earthy undertones.","Austin Hope Bottle is a Napa Valley Cabernet Sauvignon with a beautifully balanced profile, featuring aromas of dark chocolate, plum, and tobacco, perfect for connoisseurs and casual drinkers alike.",$110,./assets/img/modal-images/food-menu/austin-hope.jpg,FALSE
FALSE,Wines,Red Wine,,../assets/img/menu-images/pageg.jpg,Highland Park 18,Scotland,Aged for an exceptional whisky experience.,A glass of Highland Park 18 Year Old.,Highland Park 18 Year Old delivers a perfect balance of aromatic peat smoke and sweet sherry flavors.,$32.00,./assets/img/modal-images/food-menu/imag.jpg,FALSE
FALSE,Wines,Red Wine,,../assets/img/menu-images/pageg.jpg,Chivas Regal 12,Scotland,"A timeless, smooth blended whisky.",A glass of Chivas Regal 12 Year Old.,"Chivas Regal 12 Year Old is a blend of the finest malts, offering a rich and harmonious flavor profile.",$10.00,./assets/img/modal-images/food-menu/imag.jpg,FALSE
FALSE,Wines,Red Wine,,../assets/img/menu-images/pageg.jpg,"Highway 12 Vineyards, Cabernet Sauvignon Sonoma County (2020)",USA,A bold Cabernet from the heart of Sonoma.,Rich and robust with notes of black currant and spice.,"This Cabernet Sauvignon showcases bold black currant and dark cherry flavors, layered with hints of spice and smooth tannins for a well-rounded finish.",$9 (Glass) | $35 (Bottle),./assets/img/modal-images/food-menu/imag.jpg,FALSE
FALSE,Wines,Red Wine,,../assets/img/menu-images/pageg.jpg,"Bruocoa Family Vineyards, Cabernet",USA,An indulgent Cabernet for all occasions.,Deep and velvety with flavors of dark fruit and cocoa.,"The Bruocoa Family Cabernet delivers a rich profile of blackberry, plum, and subtle cocoa, paired with elegant tannins and a lingering finish.",$11 (Glass) | $46 (Bottle),./assets/img/modal-images/food-menu/imag.jpg,FALSE
FALSE,Wines,Red Wine,,../assets/img/menu-images/pageg.jpg,"Slate, Red Wine California",USA,A versatile red with a Californian charm.,Smooth and approachable with ripe berry notes.,"Slate Red Wine embodies the essence of California with its ripe berry flavors, smooth texture, and a touch of spice, making it a perfect choice for any gathering.",$10 (Glass) | $41 (Bottle),./assets/img/modal-images/food-menu/imag.jpg,FALSE
TRUE,Liquors,Bourbon & Cognac,,../assets/img/menu-images/pageg.jpg,Jim Beam (bourbon),USA,A classic taste of Kentucky's finest.,"Smooth and versatile, perfect for sipping or mixing.","Jim Beam bourbon delivers a timeless flavor profile with notes of vanilla, caramel, and oak, embodying the spirit of traditional Kentucky craftsmanship.",$7,./assets/img/modal-images/food-menu/imag.jpg,FALSE
TRUE,Liquors,Bourbon & Cognac,,../assets/img/menu-images/pageg.jpg,Makers Mark (bourbon),USA,Handcrafted for a smooth and sweet experience.,Rich and flavorful with notes of caramel and vanilla.,"Makers Mark bourbon is a handcrafted classic, offering a rich balance of sweet caramel, vanilla, and a subtle oak finish for a smooth sipping experience.",$11,./assets/img/modal-images/food-menu/imag.jpg,FALSE
TRUE,Liquors,Bourbon & Cognac,,../assets/img/menu-images/pageg.jpg,Four Roses (bourbon),USA,A delicate balance of flavor and smoothness.,"Crisp, smooth, and slightly fruity.","Four Roses bourbon delivers a unique blend of delicate fruit flavors, spices, and a smooth finish, crafted with precision and care.",$8,./assets/img/modal-images/food-menu/imag.jpg,FALSE
TRUE,Liquors,Bourbon & Cognac,,../assets/img/menu-images/pageg.jpg,Woodford Reserve (bourbon),USA,A refined bourbon with a complex character.,Rich and bold with notes of dark chocolate and spices.,"Woodford Reserve bourbon is a premium choice, offering layers of complex flavors including dark chocolate, spices, and a hint of tobacco for a luxurious finish.",$13,./assets/img/modal-images/food-menu/imag.jpg,FALSE
TRUE,Liquors,Bourbon & Cognac,,../assets/img/menu-images/pageg.jpg,Knob Creek (bourbon),USA,A full-bodied bourbon with bold flavors.,Robust and intense with hints of maple and nutmeg.,"Knob Creek bourbon is crafted to perfection, offering a bold flavor profile with maple syrup sweetness, nutmeg spice, and a lingering smoky finish.",$13,./assets/img/modal-images/food-menu/imag.jpg,FALSE
TRUE,Liquors,Bourbon & Cognac,,../assets/img/menu-images/pageg.jpg,TX Bourbon (bourbon),USA,A Texas-made bourbon with a unique twist.,"Rich, smooth, and distinctly Texan.","TX Bourbon delivers a bold and distinctive flavor with hints of vanilla, caramel, and a uniquely smooth finish that pays homage to its Texan roots.",$17,./assets/img/modal-images/food-menu/imag.jpg,FALSE
TRUE,Liquors,Bourbon & Cognac,,../assets/img/menu-images/pageg.jpg,Remy Martin VSOP (cognac),France,The epitome of smooth French elegance.,Harmonious and rich with fruity and floral notes.,"Remy Martin VSOP cognac is a perfectly balanced spirit, showcasing harmonious notes of ripe fruit, subtle floral tones, and a silky smooth finish.",$20,./assets/img/modal-images/food-menu/imag.jpg,FALSE
TRUE,Liquors,Gin & Liqueur,,../assets/img/menu-images/pageg.jpg,Tanqueray (gin),England,A London Dry Gin crafted to perfection.,Smooth and crisp with notes of juniper and citrus.,"Tanqueray gin delivers a perfectly balanced blend of juniper, coriander, and citrus, making it an ideal choice for classic cocktails.",$11,./assets/img/modal-images/food-menu/imag.jpg,FALSE
TRUE,Liquors,Gin & Liqueur,,../assets/img/menu-images/pageg.jpg,Tanqueray 10 (gin),England,A premium gin with unparalleled smoothness.,Rich and refreshing with citrus-forward botanicals.,"Tanqueray 10 gin is a premium spirit crafted with the finest fresh citrus and botanicals, offering a velvety smooth finish for the discerning palate.",$12,./assets/img/modal-images/food-menu/imag.jpg,FALSE
TRUE,Liquors,Gin & Liqueur,,../assets/img/menu-images/pageg.jpg,Bombay Sapphire (gin),England,A vibrant gin infused with exotic botanicals.,Bright and aromatic with a delicate spice finish.,"Bombay Sapphire gin features a unique blend of 10 exotic botanicals, creating a refreshing and versatile spirit perfect for any occasion.",$10,./assets/img/modal-images/food-menu/imag.jpg,FALSE
TRUE,Liquors,Gin & Liqueur,,../assets/img/menu-images/pageg.jpg,Hendricks (gin),Scotland,A quirky gin with a hint of cucumber and rose.,Unique and refreshing with floral undertones.,"Hendricks gin stands out with its infusion of cucumber and rose petals, offering a delightfully refreshing and smooth flavor profile.",$13,./assets/img/modal-images/food-menu/imag.jpg,FALSE
TRUE,Liquors,Gin & Liqueur,,../assets/img/menu-images/pageg.jpg,Campari (liqueur),Italy,A classic Italian aperitif with bold flavors.,Bitter and aromatic with notes of orange and herbs.,"Campari is a timeless Italian liqueur, blending bold citrus and herbal flavors, perfect for cocktails like Negronis or as a pre-dinner aperitif.",$12,./assets/img/modal-images/food-menu/imag.jpg,FALSE
TRUE,Liquors,Gin & Liqueur,,../assets/img/menu-images/pageg.jpg,Grand Marnier (liqueur),France,An iconic blend of cognac and orange essence.,Rich and smooth with a sweet orange finish.,"Grand Marnier combines the elegance of cognac with the vibrant flavors of orange essence, delivering a luxurious and versatile liqueur.",$13,./assets/img/modal-images/food-menu/imag.jpg,FALSE
TRUE,Liquors,Gin & Liqueur,,../assets/img/menu-images/pageg.jpg,Disaronno Amaretto (liqueur),Italy,A sweet and almond-flavored Italian classic.,Smooth and nutty with a hint of marzipan.,"Disaronno Amaretto is a beloved Italian liqueur known for its rich almond flavor, smooth texture, and versatility in cocktails or on its own.",$12,./assets/img/modal-images/food-menu/imag.jpg,FALSE
TRUE,Liquors,Gin & Liqueur,,../assets/img/menu-images/pageg.jpg,Cointreau (liqueur),France,A refined orange liqueur for sophisticated cocktails.,Crisp and zesty with a balanced sweetness.,"Cointreau is a premium French liqueur, offering a perfect balance of sweet and bitter orange flavors, ideal for enhancing any cocktail.",$12,./assets/img/modal-images/food-menu/imag.jpg,FALSE
TRUE,Liquors,Gin & Liqueur,,../assets/img/menu-images/pageg.jpg,Kahlua (liqueur),Mexico,A rich coffee liqueur with a hint of sweetness.,Velvety and bold with coffee and vanilla notes.,"Kahlua is a renowned coffee liqueur, delivering deep coffee flavors with hints of vanilla, perfect for cocktails or as a standalone treat.",$11,./assets/img/modal-images/food-menu/imag.jpg,FALSE
TRUE,Liquors,Gin & Liqueur,,../assets/img/menu-images/pageg.jpg,Aperol (liqueur),Italy,A vibrant aperitif with a zesty twist.,Lightly bitter with citrus and herbal undertones.,"Aperol is a bright and refreshing Italian liqueur, featuring a unique blend of citrus, herbs, and a touch of sweetness, perfect for spritzes or sipping.",$10,./assets/img/modal-images/food-menu/imag.jpg,FALSE
TRUE,Liquors,Rum,,../assets/img/menu-images/pageg.jpg,Bacardi Silver,N/A,A classic choice for rum lovers.,Smooth and versatile silver rum.,"A timeless silver rum known for its smoothness and versatility, perfect for cocktails or sipping neat.",$8.00,./assets/img/modal-images/food-menu/imag.jpg,FALSE
TRUE,Liquors,Rum,,../assets/img/menu-images/pageg.jpg,Malibu,N/A,A tropical delight in every sip.,Coconut-infused rum with a sweet finish.,"A light, coconut-flavored rum that adds a touch of tropical sweetness to any cocktail or occasion.",$9.00,./assets/img/modal-images/food-menu/imag.jpg,FALSE
TRUE,Liquors,Rum,,../assets/img/menu-images/pageg.jpg,Captain Morgan,N/A,Spiced to perfection.,Bold spiced rum with a smooth finish.,"A rich, spiced rum with bold flavors and a smooth finish, perfect for adding depth to your drinks.",$11.00,./assets/img/modal-images/food-menu/imag.jpg,FALSE
TRUE,Liquors,Rum,,../assets/img/menu-images/pageg.jpg,Ypioca Cachaca Prata,Brazil,Authentic Brazilian spirit.,Premium cachaca with a smooth finish.,"A premium cachaca crafted in Brazil, offering a smooth and refined taste ideal for caipirinhas.",$10.00,./assets/img/modal-images/food-menu/imag.jpg,FALSE
TRUE,Liquors,Rum,,../assets/img/menu-images/pageg.jpg,Flor de Cana 7 Year Reserve Rum,Nicaragua,Aged to perfection.,Rich and full-bodied aged rum.,"An exceptional 7-year-aged rum with rich, full-bodied flavors that elevate any sipping or cocktail experience.",$10.00,./assets/img/modal-images/food-menu/imag.jpg,FALSE
TRUE,Liquors,Rum,,../assets/img/menu-images/pageg.jpg,Bumbu The Original Barbados Rum,Barbados,Caribbean excellence in a bottle.,Smooth rum with tropical notes.,"A smooth and flavorful Barbados rum with hints of tropical spices and caramel, embodying Caribbean excellence.",$10.00,./assets/img/modal-images/food-menu/imag.jpg,FALSE
TRUE,Liquors,Rum,,../assets/img/menu-images/pageg.jpg,Sailor Jerry Spiced Rum,N/A,Bold and unforgettable.,Rich spiced rum with a vanilla finish.,"A bold spiced rum infused with hints of vanilla and cinnamon, delivering a unique and unforgettable taste.",$10.00,./assets/img/modal-images/food-menu/imag.jpg,FALSE
TRUE,Liquors,Rum,,../assets/img/menu-images/pageg.jpg,Malibu Coconut Rum,N/A,Tropical vibes in every sip.,Coconut-flavored rum with a sweet touch.,"A tropical classic, Malibu Coconut Rum adds a smooth and sweet coconut flavor to any cocktail.",$10.00,./assets/img/modal-images/food-menu/imag.jpg,FALSE
TRUE,Liquors,Rum,,../assets/img/menu-images/pageg.jpg,Bacardi Gold,N/A,A touch of gold in every glass.,Smooth golden rum with a hint of vanilla.,"A smooth golden rum with subtle notes of vanilla and caramel, perfect for cocktails or on the rocks.",$8.00,./assets/img/modal-images/food-menu/imag.jpg,FALSE
TRUE,Liquors,Rum,,../assets/img/menu-images/pageg.jpg,Old Monk,India,"A rich, dark rum with a legacy of smoothness.",A legendary Indian rum known for its rich taste and smooth finish.,"Old Monk is a premium dark rum from India, made with a blend of the finest aged rums, delivering a smooth and rich flavor with hints of vanilla and caramel.",$8.00,./assets/img/modal-images/food-menu/imag.jpg,FALSE
TRUE,Liquors,Scotch,,../assets/img/menu-images/pageg.jpg,Glenlivet 12,Scotland,Smooth and balanced single malt whisky.,,"The Glenlivet 12 Yr offers a smooth and balanced single malt with floral and fruity notes, perfect for both newcomers and connoisseurs.",$17,./assets/img/modal-images/food-menu/imag.jpg,FALSE
TRUE,Liquors,Scotch,,../assets/img/menu-images/pageg.jpg,Glenlivet 15,Scotland,Rich and creamy single malt experience.,,"Glenlivet 15 offers a rich and creamy flavor profile, aged in French oak casks for a refined whisky experience.",$27,./assets/img/modal-images/food-menu/imag.jpg,FALSE
TRUE,Liquors,Scotch,,../assets/img/menu-images/pageg.jpg,Glenlivet 18,Scotland,Elegant and well-aged single malt.,,"Glenlivet 18 offers a perfect balance of flavors, with hints of oak and a lingering finish, making it a connoisseur’s choice.",$32,./assets/img/modal-images/food-menu/imag.jpg,FALSE
TRUE,Liquors,Scotch,,../assets/img/menu-images/pageg.jpg,Glenlivet 21,Scotland,A rich single malt scotch with a history of excellence.,,"Glenlivet 21 is a distinguished single malt Scotch whisky, aged to perfection with a smooth, balanced flavor that carries notes of oak, spice, and dried fruits.",$55,./assets/img/modal-images/food-menu/glenlivet21.jpg,FALSE
TRUE,Liquors,Scotch,,../assets/img/menu-images/pageg.jpg,Macallan 12 Yr,Scotland,Rich and complex with sherry oak influence.,,"Macallan 12 Yr is renowned for its rich complexity and sherry oak cask influence, delivering a whisky with depth and character.",$23,./assets/img/modal-images/food-menu/imag.jpg,FALSE
TRUE,Liquors,Scotch,,../assets/img/menu-images/pageg.jpg,Macallan 18 Yr,Scotland,Exquisite and luxurious aged whisky.,,"Macallan 18 Yr is a masterpiece of aging, offering unparalleled richness and depth with a luxurious sherry oak finish.",$58,./assets/img/modal-images/food-menu/imag.jpg,FALSE
TRUE,Liquors,Scotch,,../assets/img/menu-images/pageg.jpg,Glenfiddich 12 Yr,Scotland,Iconic single malt with fresh pear notes.,,"Glenfiddich 12 Yr is a classic single malt known for its fresh pear and subtly oaky character, a staple in whisky collections worldwide.",$23,./assets/img/modal-images/food-menu/imag.jpg,FALSE
TRUE,Liquors,Scotch,,../assets/img/menu-images/pageg.jpg,JW Black Label,Scotland,Blended perfection with smoky and rich notes.,,"JW Black Label is a well-crafted blend of fine whiskies, offering a balance of smoky, rich, and fruity flavors.",$14,./assets/img/modal-images/food-menu/imag.jpg,FALSE
TRUE,Liquors,Scotch,,../assets/img/menu-images/pageg.jpg,Amrut Single Malt,India,India's finest single malt whisky.,,"Amrut Single Malt showcases India’s craftsmanship in whisky making, with complex flavors and a smooth finish.",$12,./assets/img/modal-images/food-menu/imag.jpg,FALSE
TRUE,Liquors,Scotch,,../assets/img/menu-images/pageg.jpg,Indri Single Malt,India,Unique and flavorful Indian single malt.,,"Indri Single Malt delivers a distinctive taste, crafted with precision and innovation in India.",$12,./assets/img/modal-images/food-menu/imag.jpg,FALSE
TRUE,Liquors,Scotch,,../assets/img/menu-images/pageg.jpg,JW Blue Label,Scotland,Exclusively rare and luxurious blend.,,"JW Blue Label represents the pinnacle of blending, with rare and aged whiskies coming together for a luxurious taste.",$45,./assets/img/modal-images/food-menu/imag.jpg,FALSE
TRUE,Liquors,Scotch,,../assets/img/menu-images/pageg.jpg,Highland Park 12,Scotland,Orkney's signature single malt.,,"Highland Park 12 offers a harmonious balance of smoky and sweet flavors, crafted in Orkney's rugged environment.",$12,./assets/img/modal-images/food-menu/imag.jpg,FALSE
TRUE,Liquors,Scotch,,../assets/img/menu-images/pageg.jpg,Highland Park 18,Scotland,Aged to perfection with smoky elegance.,,"Highland Park 18 showcases smoky elegance with layers of sweet and rich flavors, making it a standout whisky.",$32,./assets/img/modal-images/food-menu/imag.jpg,FALSE
TRUE,Liquors,Scotch,,../assets/img/menu-images/pageg.jpg,Chivas Regal 12,Scotland,A classic blend of smooth richness.,,"Chivas Regal 12 is a harmonious blend of malt and grain whiskies, offering smooth and rich flavors.",$10,./assets/img/modal-images/food-menu/imag.jpg,FALSE
TRUE,Liquors,Scotch,,../assets/img/menu-images/pageg.jpg,Chivas Regal 18,Scotland,Aged for deeper and richer flavor.,,"Chivas Regal 18 offers a deeper and richer whisky experience, aged to perfection for a sophisticated palate.",$20,./assets/img/modal-images/food-menu/imag.jpg,FALSE
TRUE,Liquors,Scotch,,../assets/img/menu-images/pageg.jpg,Chivas Regal 21,Scotland,Aged to perfection for an even deeper and richer flavor.,,"Chivas Regal 21 delivers an exceptional and refined whisky experience, masterfully aged to perfection for the most sophisticated palate.",$38,./assets/img/modal-images/food-menu/imag.jpg,FALSE
TRUE,Liquors,Scotch,,../assets/img/menu-images/pageg.jpg,JW Gold Label Reserve,Scotland,A luxurious blend with creamy texture.,,"JW Gold Label Reserve is a luxurious blend of smooth and creamy flavors, perfect for celebrations.",$20,./assets/img/modal-images/food-menu/imag.jpg,FALSE
TRUE,Liquors,Scotch,,../assets/img/menu-images/pageg.jpg,Glenfiddich 14 Year Old,Scotland,Aged with rich bourbon cask influence.,,"Glenfiddich 14 Yr offers a bold and rich flavor profile, influenced by aging in bourbon casks.",$25,./assets/img/modal-images/food-menu/imag.jpg,FALSE
TRUE,Liquors,Scotch,,../assets/img/menu-images/pageg.jpg,Glenfiddich 15 Year Old,Scotland,A unique Solera aged single malt.,,"Glenfiddich 15 Yr is uniquely aged using the Solera system, delivering layers of rich and complex flavors.",$27,./assets/img/modal-images/food-menu/imag.jpg,FALSE
TRUE,Liquors,Scotch,,../assets/img/menu-images/pageg.jpg,Dalmore 12 Year Single Malt Scotch,Scotland,A masterpiece of Highland single malt.,,"Dalmore 12 Yr showcases a balance of rich and bold flavors, crafted with precision and expertise.",$17,./assets/img/modal-images/food-menu/imag.jpg,FALSE
TRUE,Liquors,Tequila,,../assets/img/menu-images/pageg.jpg,Don Julio 1942,Mexico,A rare and exceptional aged tequila,"Rich, smooth, and aged to perfection for a refined taste.","Don Julio 1942 is a luxury tequila, meticulously crafted and aged for a rich, smooth, and unforgettable experience.",$71,./assets/img/modal-images/food-menu/imag.jpg,FALSE
TRUE,Liquors,Tequila,,../assets/img/menu-images/pageg.jpg,Clase Azul Plata,Mexico,Silky smooth with a refined taste,A crystal-clear tequila with delicate agave flavors.,Clase Azul Plata is a premium silver tequila known for its smooth texture and the refined taste of pure blue agave.,$60,./assets/img/modal-images/food-menu/imag.jpg,FALSE
TRUE,Liquors,Tequila,,../assets/img/menu-images/pageg.jpg,Clase Azul Reposado,Mexico,Elegant and rich with a soft finish,"Aged to perfection, offering smooth oak and caramel notes.",Clase Azul Reposado is an aged tequila that offers a rich and smooth flavor with subtle hints of oak and caramel.,$35,./assets/img/modal-images/food-menu/imag.jpg,FALSE
TRUE,Liquors,Tequila,,../assets/img/menu-images/pageg.jpg,El Jimador Silver,Mexico,Crisp and clean with a smooth finish,A clean and refreshing silver tequila perfect for mixing.,"El Jimador Silver is a high-quality, crisp tequila made from 100% blue agave, offering a smooth and clean finish.",$7,./assets/img/modal-images/food-menu/imag.jpg,FALSE
TRUE,Liquors,Tequila,,../assets/img/menu-images/pageg.jpg,Patron Silver,Mexico,Smooth and versatile for any occasion,A smooth and premium tequila made from the finest blue agave.,"Patron Silver is a premium, crystal-clear tequila crafted from the finest blue agave, perfect for sipping or cocktails.",$20,./assets/img/modal-images/food-menu/imag.jpg,FALSE
TRUE,Liquors,Tequila,,../assets/img/menu-images/pageg.jpg,1800 Silver,Mexico,Bold and refreshing with a clean taste,"A smooth, clean tequila with bold agave flavors.","1800 Silver is a bold and crisp tequila with vibrant agave flavors, perfect for sipping or mixing into cocktails.",$11,./assets/img/modal-images/food-menu/imag.jpg,FALSE
TRUE,Liquors,Tequila,,../assets/img/menu-images/pageg.jpg,Don Julio Silver,Mexico,"Light, crisp, and perfectly balanced","A premium silver tequila with a clean, refreshing taste.","Don Julio Silver is a fresh and clean silver tequila, with smooth, balanced flavors and a crisp finish.",$18,./assets/img/modal-images/food-menu/imag.jpg,FALSE
TRUE,Liquors,Tequila,,../assets/img/menu-images/pageg.jpg,Casamigos Blanco,Mexico,Clean and crisp with subtle hints of citrus,"A smooth blanco tequila with a fresh, citrusy flavor.","Casamigos Blanco is a clean, crisp tequila with fresh citrus notes and a smooth finish, perfect for sipping or cocktails.",$18,./assets/img/modal-images/food-menu/imag.jpg,FALSE
TRUE,Liquors,Tequila,,../assets/img/menu-images/pageg.jpg,Casamigos Reposado,Mexico,Rich and smooth with a hint of oak,Aged for a rich and smooth flavor with subtle oak notes.,"Casamigos Reposado is a premium tequila aged to perfection, offering a rich, smooth taste with a hint of oak.",$21,./assets/img/modal-images/food-menu/imag.jpg,FALSE
TRUE,Liquors,Vodka,,../assets/img/menu-images/pageg.jpg,Tito's,USA,Crafted to perfection.,Smooth and gluten-free vodka.,"A high-quality gluten-free vodka known for its clean and smooth taste, perfect for cocktails or sipping neat.",$8.00,./assets/img/modal-images/food-menu/imag.jpg,FALSE
TRUE,Liquors,Vodka,,../assets/img/menu-images/pageg.jpg,Grey Goose,France,Exceptionally smooth.,Premium French vodka.,"A premium French vodka crafted with the finest wheat, offering exceptional smoothness and flavor.",$12.00,./assets/img/modal-images/food-menu/imag.jpg,FALSE
TRUE,Liquors,Vodka,,../assets/img/menu-images/pageg.jpg,Beluga Noble,Russia,Russian elegance in a bottle.,Ultra-premium vodka with a refined taste.,"An ultra-premium Russian vodka known for its refined taste, crafted from pure artesian water and malt spirit.",$13.00,./assets/img/modal-images/food-menu/imag.jpg,FALSE
TRUE,Liquors,Vodka,,../assets/img/menu-images/pageg.jpg,Ciroc,France,Distilled from fine French grapes.,Distinctive vodka with fruity undertones.,"A distinctive vodka distilled from fine French grapes, delivering a smooth texture and fruity undertones.",$10.00,./assets/img/modal-images/food-menu/imag.jpg,FALSE
TRUE,Liquors,Vodka,,../assets/img/menu-images/pageg.jpg,Absolute,Sweden,A global favorite.,Smooth Swedish vodka.,"A globally loved Swedish vodka known for its purity, smoothness, and versatility in cocktails.",$10.00,./assets/img/modal-images/food-menu/imag.jpg,FALSE
TRUE,Liquors,Vodka,,../assets/img/menu-images/pageg.jpg,Amsterdam,USA,Crafted for smoothness.,Affordable and versatile vodka.,"An affordable vodka crafted for smoothness, perfect for mixing in cocktails or enjoying on the rocks.",$10.00,./assets/img/modal-images/food-menu/imag.jpg,FALSE
TRUE,Liquors,Vodka,,../assets/img/menu-images/pageg.jpg,Belvedere Organic Vodka,Poland,Sustainably crafted.,Certified organic Polish vodka.,"A certified organic vodka crafted in Poland, offering a clean and smooth taste with a commitment to sustainability.",$10.00,./assets/img/modal-images/food-menu/imag.jpg,FALSE
TRUE,Liquors,Vodka,,../assets/img/menu-images/pageg.jpg,Grey Goose VX,France,A vodka like no other.,Premium vodka with a hint of cognac.,"A luxurious vodka infused with a subtle hint of cognac, delivering an unparalleled smoothness and complexity.",$45.00,./assets/img/modal-images/food-menu/imag.jpg,FALSE
TRUE,Liquors,Vodka,,../assets/img/menu-images/pageg.jpg,Ketel One Vodka,Netherlands,Craftsmanship at its finest.,Smooth Dutch vodka with a rich heritage.,"A smooth and versatile Dutch vodka, crafted with care and a rich heritage spanning generations.",$10.00,./assets/img/modal-images/food-menu/imag.jpg,FALSE
TRUE,Liquors,Vodka,,../assets/img/menu-images/pageg.jpg,Aspen Vodka,USA,Pure mountain spirit.,Smooth and crisp American vodka.,"A smooth and crisp American vodka inspired by the pure mountain waters of Aspen, perfect for any occasion.",$10.00,./assets/img/modal-images/food-menu/imag.jpg,FALSE
TRUE,Beers,Beers,,../assets/img/menu-images/pageg.jpg,Miller Lite,USA,,,"Miller Lite is a light American lager known for its crisp, refreshing taste.",$5,./assets/img/modal-images/food-menu/imag.jpg,FALSE
TRUE,Beers,Beers,,../assets/img/menu-images/pageg.jpg,Coors Lite,USA,,,"Coors Lite is a crisp, light lager with a clean, refreshing taste.",$5,./assets/img/modal-images/food-menu/imag.jpg,FALSE
TRUE,Beers,Beers,,../assets/img/menu-images/pageg.jpg,Blue Moon,USA,,,Blue Moon is a Belgian-style wheat beer brewed with orange peel and coriander for a unique flavor.,$8,./assets/img/modal-images/food-menu/imag.jpg,FALSE
TRUE,Beers,Beers,,../assets/img/menu-images/pageg.jpg,Two Hearted Ale,USA,,,"Two Hearted Ale is an American IPA known for its bold, hoppy flavor with pine and citrus notes.",$8,./assets/img/modal-images/food-menu/imag.jpg,FALSE
TRUE,Beers,Beers,,../assets/img/menu-images/pageg.jpg,Fat Tire,USA,,,Fat Tire is an amber ale with a balance of malt sweetness and hop bitterness.,$8,./assets/img/modal-images/food-menu/imag.jpg,FALSE
TRUE,Beers,Beers,,../assets/img/menu-images/pageg.jpg,Yuengling,USA,,,"Yuengling is an American lager, smooth and rich with a malty sweetness.",$8,./assets/img/modal-images/food-menu/imag.jpg,FALSE
TRUE,Beers,Beers,,../assets/img/menu-images/pageg.jpg,Angry Orchard,USA,,,Angry Orchard is a crisp and refreshing hard cider with a sweet apple flavor.,$8,./assets/img/modal-images/food-menu/imag.jpg,FALSE
TRUE,Beers,Beers,,../assets/img/menu-images/pageg.jpg,Sam Adams Boston Lager,USA,,,Sam Adams Boston Lager is a well-balanced American lager with a rich malty flavor.,$8,./assets/img/modal-images/food-menu/imag.jpg,FALSE
TRUE,Beers,Beers,,../assets/img/menu-images/pageg.jpg,Sam Adams Winter Lager,USA,,,"Sam Adams Winter Lager is a spiced lager brewed with cinnamon, ginger, and orange peel.",$8,./assets/img/modal-images/food-menu/imag.jpg,FALSE
TRUE,Beers,Beers,,../assets/img/menu-images/pageg.jpg,Half Life,USA,,,"Half Life is a hoppy IPA with citrus and pine notes, balanced with malt sweetness.",$8,./assets/img/modal-images/food-menu/imag.jpg,FALSE
TRUE,Beers,Beers,,../assets/img/menu-images/pageg.jpg,Red Gate,USA,,,Red Gate is a red ale with a rich malty backbone and a balanced hop profile.,$8,./assets/img/modal-images/food-menu/imag.jpg,FALSE
TRUE,Beers,Beers,,../assets/img/menu-images/pageg.jpg,Dadgum,USA,,,Dadgum is a smooth amber ale with a caramel malt profile and a slightly hoppy finish.,$8,./assets/img/modal-images/food-menu/imag.jpg,FALSE
TRUE,Beers,Beers,,../assets/img/menu-images/pageg.jpg,Shiner Light,USA,,,Shiner Light is a light lager with a mild malt flavor and a crisp finish.,$8,./assets/img/modal-images/food-menu/imag.jpg,FALSE
TRUE,Beers,Beers,,../assets/img/menu-images/pageg.jpg,Taj Mahal,India,A majestic beer inspired by India’s iconic monument.,,"Taj Mahal is a premium lager from India, offering a crisp and smooth flavor with subtle hints of malt and hops. A perfect beer to enjoy on a warm day, embodying the spirit of India’s grandeur.",$6,./assets/img/modal-images/food-menu/taj-mahal.jpg,FALSE
TRUE,Beers,Beers,,../assets/img/menu-images/pageg.jpg,Shiner Bock,USA,,,Shiner Bock is a dark amber lager with a rich malt flavor and subtle hop bitterness.,$8,./assets/img/modal-images/food-menu/imag.jpg,FALSE
TRUE,Beers,Beers,,../assets/img/menu-images/pageg.jpg,Dry Hopped,USA,,,"Dry Hopped is an IPA with bold hop flavors and a crisp, refreshing finish.",$8,./assets/img/modal-images/food-menu/imag.jpg,FALSE
TRUE,Beers,Beers,,../assets/img/menu-images/pageg.jpg,50 ft Jackrabbit,USA,,,50 ft Jackrabbit is a strong IPA with a bold hoppy flavor and a smooth malt body.,$8,./assets/img/modal-images/food-menu/imag.jpg,FALSE
TRUE,Beers,Beers,,../assets/img/menu-images/pageg.jpg,Fire Ant Funeral,USA,,,Fire Ant Funeral is a bold IPA with a hoppy bite and a crisp finish.,$8,./assets/img/modal-images/food-menu/imag.jpg,FALSE
TRUE,Beers,Beers,,../assets/img/menu-images/pageg.jpg,No Coast IPA,USA,,,"No Coast IPA is a balanced IPA with citrus and pine notes, smooth bitterness.",$8,./assets/img/modal-images/food-menu/imag.jpg,FALSE
TRUE,Beers,Beers,,../assets/img/menu-images/pageg.jpg,German Pilsner,Germany,,,German Pilsner is a crisp and refreshing lager with a delicate hop bitterness.,$8,./assets/img/modal-images/food-menu/imag.jpg,FALSE
TRUE,Beers,Beers,,../assets/img/menu-images/pageg.jpg,Hefeweizen,Germany,,,Hefeweizen is a cloudy wheat beer with a fruity aroma and smooth malt finish.,$8,./assets/img/modal-images/food-menu/imag.jpg,FALSE
TRUE,Beers,Beers,,../assets/img/menu-images/pageg.jpg,Dos Equis,Mexico,,,"Dos Equis is a well-known Mexican lager, light and crisp with subtle malt flavors.",$5,./assets/img/modal-images/food-menu/imag.jpg,FALSE
TRUE,Beers,Beers,,../assets/img/menu-images/pageg.jpg,Modelo Negra,Mexico,,,Modelo Negra is a dark lager with rich malt flavors and a smooth finish.,$5,./assets/img/modal-images/food-menu/imag.jpg,FALSE
TRUE,Beers,Beers,,../assets/img/menu-images/pageg.jpg,Modelo Especial,Mexico,,,"Modelo Especial is a crisp, golden pilsner-style lager with a refreshing taste.",$8,./assets/img/modal-images/food-menu/imag.jpg,FALSE
TRUE,Beers,Beers,,../assets/img/menu-images/pageg.jpg,Peroni,Italy,,,"Peroni is a light, crisp lager with a slight hoppy bitterness and malty finish.",$8,./assets/img/modal-images/food-menu/imag.jpg,FALSE
TRUE,Beers,Beers,,../assets/img/menu-images/pageg.jpg,Stella Artois,Belgium,,,Stella Artois is a classic Belgian lager with a balanced flavor and crisp finish.,$5,./assets/img/modal-images/food-menu/imag.jpg,FALSE
TRUE,Beers,Beers,,../assets/img/menu-images/pageg.jpg,Heineken,Netherlands,,,"Heineken is a pale lager with a light, crisp taste and a mild bitterness.",$5,./assets/img/modal-images/food-menu/imag.jpg,FALSE
TRUE,Beers,Beers,,../assets/img/menu-images/pageg.jpg,Trinity Cider,USA,,,Trinity Cider is a refreshing hard cider with crisp apple flavors and a dry finish.,$8,./assets/img/modal-images/food-menu/imag.jpg,FALSE
TRUE,Beers,Beers,,../assets/img/menu-images/pageg.jpg,Garage Beer,USA,,,Garage Beer is a full-bodied craft beer with malty sweetness and hop bitterness.,$9,./assets/img/modal-images/food-menu/imag.jpg,FALSE
TRUE,Beers,Beers,,../assets/img/menu-images/pageg.jpg,Texas Blood Orange IPA,USA,,,Texas Blood Orange IPA is a citrusy IPA with bold hop flavors and a tangy blood orange twist.,$8,./assets/img/modal-images/food-menu/imag.jpg,FALSE
TRUE,Beers,Beers,,../assets/img/menu-images/pageg.jpg,Necessary Evil,USA,,,"Necessary Evil is a smooth, rich stout with chocolate and coffee notes.",$8,./assets/img/modal-images/food-menu/imag.jpg,FALSE
TRUE,Beers,Beers,,../assets/img/menu-images/pageg.jpg,New Belgium 154,USA,,,New Belgium 154 is a malty amber beer with a well-balanced flavor and smooth finish.,$8,./assets/img/modal-images/food-menu/imag.jpg,FALSE
TRUE,Beers,Beers,,../assets/img/menu-images/pageg.jpg,Revolver Brewing,USA,,,"Revolver Brewing offers a variety of craft beers, known for bold, full-bodied flavors.",$8,./assets/img/modal-images/food-menu/imag.jpg,FALSE
TRUE,Beers,Beers,,../assets/img/menu-images/pageg.jpg,Yuengling Flight,USA,,,"Yuengling Flight is a light lager with a crisp, refreshing taste and low calories.",$6,./assets/img/modal-images/food-menu/imag.jpg,FALSE
TRUE,Beers,Beers,,../assets/img/menu-images/pageg.jpg,El Chingo,Mexico,,,El Chingo is a crisp and refreshing Mexican lager with subtle malt sweetness.,$8,./assets/img/modal-images/food-menu/imag.jpg,FALSE
TRUE,Beers,Beers,,../assets/img/menu-images/pageg.jpg,Pacifico,Mexico,,,"Pacifico is a light, crisp lager brewed with a smooth, slightly sweet finish.",$5,./assets/img/modal-images/food-menu/imag.jpg,FALSE
TRUE,Beers,Beers,,../assets/img/menu-images/pageg.jpg,Corona,Mexico,,,"Corona is a pale lager known for its light, refreshing taste and smooth finish.",$5,./assets/img/modal-images/food-menu/imag.jpg,FALSE
TRUE,Beers,Beers,,../assets/img/menu-images/pageg.jpg,Corona (Non-Alcoholic),Mexico,,,Corona Non-Alcoholic,$5,./assets/img/modal-images/food-menu/imag.jpg,FALSE
TRUE,Beers,Beers,,../assets/img/menu-images/pageg.jpg,Corona Premier,Mexico,,,"Corona Premier is a light lager with a crisp, clean flavor and fewer calories.",$5,./assets/img/modal-images/food-menu/imag.jpg,FALSE
TRUE,Beers,Beers,,../assets/img/menu-images/pageg.jpg,Seriously Fun Beer,USA,,,"Seriously Fun Beer is a light, crisp, and easy-drinking beer with a fun personality.",$8,./assets/img/modal-images/food-menu/imag.jpg,FALSE
TRUE,Happy Hour,,3:00 PM to 6:00 PM,../assets/img/menu-images/pageg.jpg,Jim Beam Whiskey (Old Fashioned),USA,Bold and timeless.,Ideal for a classic Old Fashioned.,"A classic bourbon whiskey with rich caramel and oak flavors, ideal for crafting an Old Fashioned.",$10.00,./assets/img/modal-images/food-menu/imag.jpg,FALSE
TRUE,Happy Hour,,3:00 PM to 6:00 PM,../assets/img/menu-images/pageg.jpg,El Jimador Tequila (Margarita),Mexico,Authentic and smooth.,Perfect base for Margaritas.,"A premium tequila made from 100% agave, offering a smooth and vibrant flavor, perfect for a Margarita.",$9.00,./assets/img/modal-images/food-menu/imag.jpg,FALSE
TRUE,Happy Hour,,3:00 PM to 6:00 PM,../assets/img/menu-images/pageg.jpg,Tito's Vodka (Lemon Drop Martini),USA,Handcrafted perfection.,Great for a Lemon Drop Martini.,"A handcrafted vodka with clean, smooth notes, ideal for a refreshing Lemon Drop Martini.",$9.00,./assets/img/modal-images/food-menu/imag.jpg,FALSE
TRUE,Happy Hour,,3:00 PM to 6:00 PM,../assets/img/menu-images/pageg.jpg,Pinot Grigio & Chardonnay (White Wine),Various,Crisp and elegant.,Perfect pairings for white wine lovers.,"A selection of crisp Pinot Grigio and rich Chardonnay, offering elegant flavors for any occasion.",$9.00,./assets/img/modal-images/food-menu/imag.jpg,FALSE
TRUE,Happy Hour,,3:00 PM to 6:00 PM,../assets/img/menu-images/pageg.jpg,Merlot & Pinot Noir (Red Wine),Various,Smooth and flavorful.,Classic red wines for all occasions.,"A selection of velvety Merlot and refined Pinot Noir, showcasing rich and smooth flavors.",$9.00,./assets/img/modal-images/food-menu/imag.jpg,FALSE
